﻿<?xml version="1.0" encoding="UTF-8" standalone="yes"?>
<document xmlns="http://www.abbyy.com/FineReader_xml/FineReader10-schema-v1.xml" version="1.0" producer="" languages="" xmlns:xsi="http://www.w3.org/2001/XMLSchema-instance" xsi:schemaLocation="http://www.abbyy.com/FineReader_xml/FineReader10-schema-v1.xml http://www.abbyy.com/FineReader_xml/FineReader10-schema-v1.xml">
<page width="2554" height="3309" resolution="300" originalCoords="1">
<block blockType="Text" l="313" t="0" r="375" b="3038"><region><rect l="314" t="0" r="375" b="1645"/><rect l="313" t="1645" r="375" b="1664"/><rect l="313" t="1664" r="374" b="3038"/></region>
<text>
<par lineSpacing="890">
<line baseline="31" l="314" t="4" r="364" b="30"><formatting lang="EnglishUnitedStates" ff="Times New Roman" fs="8." bold="1">I </formatting><formatting lang="EnglishUnitedStates" ff="Times New Roman" fs="8." bold="1" superscript="1">v</formatting></line></par>
<par leftIndent="800" lineSpacing="1330">
<line baseline="323" l="351" t="287" r="364" b="322"><formatting lang="EnglishUnitedStates" ff="Times New Roman" fs="12." bold="1">1</formatting></line></par>
<par leftIndent="800" lineSpacing="2400">
<line baseline="424" l="347" t="388" r="368" b="423"><formatting lang="EnglishUnitedStates" ff="Times New Roman" fs="12." bold="1">2</formatting></line></par>
<par leftIndent="800" lineSpacing="2400">
<line baseline="525" l="348" t="489" r="366" b="524"><formatting lang="EnglishUnitedStates" ff="Times New Roman" fs="12.">3</formatting></line></par>
<par leftIndent="800" lineSpacing="2400">
<line baseline="625" l="346" t="590" r="369" b="624"><formatting lang="EnglishUnitedStates" ff="Times New Roman" fs="12.">4</formatting></line></par>
<par leftIndent="800" lineSpacing="2400">
<line baseline="724" l="347" t="688" r="367" b="723"><formatting lang="EnglishUnitedStates" ff="Times New Roman" fs="12.">5</formatting></line></par>
<par leftIndent="800" lineSpacing="2400">
<line baseline="826" l="347" t="789" r="368" b="825"><formatting lang="EnglishUnitedStates" ff="Times New Roman" fs="12." bold="1">6</formatting></line></par>
<par leftIndent="800" lineSpacing="2400">
<line baseline="924" l="347" t="889" r="368" b="923"><formatting lang="EnglishUnitedStates" ff="Times New Roman" fs="12.">7</formatting></line></par>
<par leftIndent="800" lineSpacing="2400">
<line baseline="1025" l="348" t="990" r="367" b="1024"><formatting lang="EnglishUnitedStates" ff="Times New Roman" fs="11." bold="1">8</formatting></line></par>
<par leftIndent="800" lineSpacing="2400">
<line baseline="1125" l="347" t="1088" r="368" b="1124"><formatting lang="EnglishUnitedStates" ff="Times New Roman" fs="12.">9</formatting></line></par>
<par lineSpacing="2400">
<line baseline="1225" l="325" t="1189" r="369" b="1224"><formatting lang="EnglishUnitedStates" ff="Times New Roman" fs="11.">10</formatting></line></par>
<par lineSpacing="2400">
<line baseline="1324" l="325" t="1289" r="363" b="1323"><formatting lang="EnglishUnitedStates" ff="Times New Roman" fs="11.">11</formatting></line></par>
<par lineSpacing="2400">
<line baseline="1425" l="325" t="1390" r="367" b="1424"><formatting lang="EnglishUnitedStates" ff="Times New Roman" fs="11.">12</formatting></line></par>
<par lineSpacing="2400">
<line baseline="1526" l="325" t="1490" r="365" b="1525"><formatting lang="EnglishUnitedStates" ff="Times New Roman" fs="12.">13</formatting></line></par>
<par lineSpacing="2400">
<line baseline="1626" l="325" t="1591" r="368" b="1625"><formatting lang="EnglishUnitedStates" ff="Times New Roman" fs="12.">14</formatting></line></par>
<par lineSpacing="2400">
<line baseline="1727" l="325" t="1692" r="366" b="1726"><formatting lang="EnglishUnitedStates" ff="Times New Roman" fs="12.">15</formatting></line></par>
<par lineSpacing="2400">
<line baseline="1828" l="325" t="1791" r="368" b="1827"><formatting lang="EnglishUnitedStates" ff="Times New Roman" fs="12.">16</formatting></line></par>
<par lineSpacing="2400">
<line baseline="1928" l="325" t="1892" r="368" b="1927"><formatting lang="EnglishUnitedStates" ff="Times New Roman" fs="12.">17</formatting></line></par>
<par lineSpacing="2400">
<line baseline="2028" l="325" t="1992" r="367" b="2027"><formatting lang="EnglishUnitedStates" ff="Times New Roman" fs="12.">18</formatting></line></par>
<par lineSpacing="2400">
<line baseline="2129" l="325" t="2093" r="368" b="2128"><formatting lang="EnglishUnitedStates" ff="Times New Roman" fs="12.">19</formatting></line></par>
<par lineSpacing="2400">
<line baseline="2229" l="321" t="2193" r="368" b="2228"><formatting lang="EnglishUnitedStates" ff="Times New Roman" fs="11." bold="1">20</formatting></line></par>
<par lineSpacing="2400">
<line baseline="2329" l="320" t="2293" r="363" b="2328"><formatting lang="EnglishUnitedStates" ff="Times New Roman" fs="11.">21</formatting></line></par>
<par lineSpacing="2400">
<line baseline="2429" l="321" t="2394" r="367" b="2428"><formatting lang="EnglishUnitedStates" ff="Times New Roman" fs="11." bold="1">22</formatting></line></par>
<par lineSpacing="2400">
<line baseline="2530" l="320" t="2494" r="365" b="2529"><formatting lang="EnglishUnitedStates" ff="Times New Roman" fs="12.">23</formatting></line></par>
<par lineSpacing="2400">
<line baseline="2629" l="321" t="2595" r="368" b="2628"><formatting lang="EnglishUnitedStates" ff="Times New Roman" fs="12.">24</formatting></line></par>
<par lineSpacing="2400">
<line baseline="2730" l="320" t="2694" r="366" b="2729"><formatting lang="EnglishUnitedStates" ff="Times New Roman" fs="12.">25</formatting></line></par>
<par lineSpacing="2400">
<line baseline="2831" l="320" t="2794" r="367" b="2830"><formatting lang="EnglishUnitedStates" ff="Times New Roman" fs="12.">26</formatting></line></par>
<par lineSpacing="2400">
<line baseline="2931" l="320" t="2895" r="367" b="2930"><formatting lang="EnglishUnitedStates" ff="Times New Roman" fs="12.">27</formatting></line></par>
<par lineSpacing="2400">
<line baseline="3033" l="321" t="2996" r="367" b="3032"><formatting lang="EnglishUnitedStates" ff="Times New Roman" fs="12.">28</formatting></line></par>
</text>
</block>
<block blockType="Text" l="526" t="5" r="550" b="58"><region><rect l="526" t="5" r="550" b="58"/></region>
<text>
<par lineSpacing="-1"></par>
</text>
</block>
<block blockType="Text" l="425" t="191" r="1516" b="707"><region><rect l="425" t="191" r="1287" b="192"/><rect l="425" t="192" r="1516" b="706"/><rect l="1267" t="706" r="1516" b="707"/></region>
<text>
<par align="Right" lineSpacing="2950">
<line baseline="255" l="1047" t="191" r="1480" b="263"><formatting lang="EnglishUnitedStates" ff="Times New Roman" fs="26.">n P c | </formatting><formatting lang="EnglishUnitedStates" ff="Courier New" fs="21." bold="1" italic="1">\\</formatting><formatting lang="EnglishUnitedStates" ff="Times New Roman" fs="26." smallcaps="1"> a ?</formatting></line></par>
<par align="Justified" lineSpacing="1330">
<line baseline="293" l="433" t="238" r="1499" b="299"><formatting lang="EnglishUnitedStates" ff="Times New Roman" fs="12." bold="1">Seung Yang [SBN 249857] V ! X ! U H \i n L</formatting></line></par>
<par align="Justified" lineSpacing="1368">
<line baseline="346" l="431" t="294" r="1510" b="357"><formatting lang="EnglishUnitedStates" ff="Times New Roman" fs="12.">Allen V. Feghali [SBN 301080]    &quot;</formatting></line></par>
<par align="Justified" lineSpacing="1368">
<line baseline="406" l="431" t="369" r="929" b="413"><formatting lang="EnglishUnitedStates" ff="Times New Roman" fs="12." bold="1">MOON &amp; YANG, APC</formatting></line></par>
<par align="Justified" lineSpacing="1368">
<line baseline="462" l="436" t="414" r="971" b="469"><formatting lang="EnglishUnitedStates" ff="Times New Roman" fs="12.">1055 W. 7</formatting><formatting lang="EnglishUnitedStates" ff="Times New Roman" fs="12." superscript="1">th</formatting><formatting lang="EnglishUnitedStates" ff="Times New Roman" fs="12."> St., Suite 1880</formatting></line></par>
<par align="Justified" lineSpacing="1368">
<line baseline="520" l="432" t="483" r="1044" b="529"><formatting lang="EnglishUnitedStates" ff="Times New Roman" fs="12.">Los Angeles, California 90017</formatting></line></par>
<par align="Justified" lineSpacing="1368">
<line baseline="578" l="431" t="541" r="977" b="587"><formatting lang="EnglishUnitedStates" ff="Times New Roman" fs="12.">Telephone: (213) 232-3128</formatting></line></par>
<par align="Justified" lineSpacing="1368">
<line baseline="636" l="432" t="599" r="1244" b="638"><formatting lang="EnglishUnitedStates" ff="Times New Roman" fs="12.">E-mail: </formatting><formatting lang="EnglishUnitedStates" ff="Times New Roman" fs="12." underline="1">seung.vang@moonyanglaw.com</formatting></line></par>
<par align="Justified" lineSpacing="1368">
<line baseline="692" l="432" t="656" r="1266" b="693"><formatting lang="EnglishUnitedStates" ff="Times New Roman" fs="12.">E-mail: </formatting><formatting lang="EnglishUnitedStates" ff="Times New Roman" fs="12." underline="1">allen.feghali@moonvanglaw.com</formatting></line></par>
</text>
</block>
<block blockType="Text" l="1914" t="544" r="2252" b="586"><region><rect l="1914" t="544" r="2252" b="586"/></region>
<text>
<par lineSpacing="1470">
<line baseline="583" l="1914" t="544" r="2251" b="586"><formatting lang="EnglishUnitedStates" ff="Courier New" fs="13." bold="1">&apos; i§UFf 8fl§ Mi</formatting></line></par>
</text>
</block>
<block blockType="Text" l="1798" t="550" r="1838" b="616"><region><rect l="1798" t="550" r="1838" b="616"/></region>
<text>
<par lineSpacing="2210">
<line baseline="618" l="1799" t="551" r="1838" b="616"><formatting lang="EnglishUnitedStates" ff="Times New Roman" fs="20." bold="1" scaling="700">*8</formatting></line></par>
</text>
</block>
<block blockType="Text" l="1770" t="552" r="1816" b="584"><region><rect l="1770" t="552" r="1816" b="584"/></region>
<text>
<par lineSpacing="-1"></par>
</text>
</block>
<block blockType="Text" l="1824" t="554" r="2154" b="722"><region><rect l="1962" t="554" r="2046" b="584"/><rect l="1824" t="584" r="2072" b="628"/><rect l="1856" t="628" r="2154" b="722"/></region>
<text>
<par lineSpacing="1160">
<line baseline="617" l="1824" t="578" r="2072" b="623"><formatting lang="EnglishUnitedStates" ff="Times New Roman" fs="10.5" bold="1">3eumy eflQg i</formatting></line></par>
<par leftIndent="1200" lineSpacing="1660">
<line baseline="717" l="1872" t="669" r="2138" b="718"><formatting lang="EnglishUnitedStates" ff="Times New Roman" fs="15." bold="1" scaling="600" spacing="30">NOV 21 2017</formatting></line></par>
</text>
</block>
<block blockType="Text" l="424" t="760" r="2310" b="902"><region><rect l="424" t="760" r="1287" b="761"/><rect l="424" t="761" r="2310" b="901"/><rect l="1267" t="901" r="2310" b="902"/></region>
<text>
<par align="Justified" lineSpacing="1464">
<line baseline="803" l="431" t="766" r="2304" b="828"><formatting lang="EnglishUnitedStates" ff="Times New Roman" fs="12.">Attorneys for Plaintiff,    </formatting><formatting lang="EnglishUnitedStates" ff="Times New Roman" fs="8." bold="1">Sherri R. Carter, Executive Officer/Clerk</formatting></line></par>
<par align="Justified" lineSpacing="1464">
<line baseline="865" l="430" t="822" r="2291" b="866"><formatting lang="EnglishUnitedStates" ff="Times New Roman" fs="12.">ALBA ALVARADO    </formatting><formatting lang="EnglishUnitedStates" ff="Times New Roman" fs="8.">B</formatting><formatting lang="EnglishUnitedStates" ff="Times New Roman" fs="8." strikeout="1">y</formatting><formatting lang="EnglishUnitedStates" ff="Times New Roman" fs="8.">    </formatting><formatting lang="EnglishUnitedStates" ff="Times New Roman" fs="8." superscript="1">Depu,y</formatting></line></par>
<par leftIndent="34300" lineSpacing="890">
<line baseline="889" l="1855" t="862" r="2141" b="896"><formatting lang="EnglishUnitedStates" ff="Times New Roman" fs="8.">Nancy Alvarez </formatting><formatting lang="EnglishUnitedStates" ff="Times New Roman" fs="5." italic="1">—&apos;</formatting></line></par>
</text>
</block>
<block blockType="Text" l="792" t="940" r="2043" b="990"><region><rect l="792" t="940" r="1287" b="941"/><rect l="792" t="941" r="2043" b="989"/><rect l="1267" t="989" r="2043" b="990"/></region>
<text>
<par align="Center" leftIndent="500" lineSpacing="1330">
<line baseline="983" l="798" t="946" r="2037" b="984"><formatting lang="EnglishUnitedStates" ff="Times New Roman" fs="12." bold="1">SUPERIOR COURT OF THE STATE OF CALIFORNIA</formatting></line></par>
</text>
</block>
<block blockType="Text" l="965" t="1055" r="1869" b="1104"><region><rect l="965" t="1055" r="1287" b="1056"/><rect l="965" t="1056" r="1869" b="1103"/><rect l="1267" t="1103" r="1869" b="1104"/></region>
<text>
<par align="Center" leftIndent="500" lineSpacing="1330">
<line baseline="1097" l="971" t="1061" r="1863" b="1098"><formatting lang="EnglishUnitedStates" ff="Times New Roman" fs="12." bold="1">FOR THE COUNTY OF LOS ANGELES</formatting></line></par>
</text>
</block>
<block blockType="Text" l="424" t="1161" r="1306" b="2076"><region><rect l="425" t="1161" r="1287" b="1162"/><rect l="425" t="1162" r="1306" b="1645"/><rect l="424" t="1645" r="1306" b="1664"/><rect l="424" t="1664" r="1305" b="2075"/><rect l="1267" t="2075" r="1305" b="2076"/></region>
<text>
<par leftIndent="7300" startIndent="-7300" lineSpacing="2760">
<line baseline="1204" l="431" t="1167" r="1157" b="1211"><formatting lang="EnglishUnitedStates" ff="Times New Roman" fs="12.">ALBA ALVARADO, an individual;</formatting></line>
<line baseline="1318" l="729" t="1280" r="903" b="1325"><formatting lang="EnglishUnitedStates" ff="Times New Roman" fs="12.">Plaintiff,</formatting></line></par>
<par leftIndent="3700" lineSpacing="1330">
<line baseline="1607" l="579" t="1581" r="632" b="1606"><formatting lang="EnglishUnitedStates" ff="Times New Roman" fs="12.">vs.</formatting></line></par>
<par lineSpacing="1368">
<line baseline="1839" l="431" t="1802" r="1233" b="1846"><formatting lang="EnglishUnitedStates" ff="Times New Roman" fs="12.">LAGUARDIA ENTERPRISES, INC., a</formatting></line>
<line baseline="1896" l="431" t="1858" r="1290" b="1906"><formatting lang="EnglishUnitedStates" ff="Times New Roman" fs="12.">California Corporation, dba SONSONATE</formatting></line>
<line baseline="1954" l="431" t="1916" r="1299" b="1964"><formatting lang="EnglishUnitedStates" ff="Times New Roman" fs="12.">GRILL; and DOES 1 through 25, inclusive,</formatting></line></par>
<par align="Center" leftIndent="300" lineSpacing="1330">
<line baseline="2070" l="729" t="2032" r="965" b="2069"><formatting lang="EnglishUnitedStates" ff="Times New Roman" fs="12.">Defendants.</formatting></line></par>
</text>
</block>
<block blockType="Text" l="1408" t="1159" r="2421" b="3009"><region><rect l="1409" t="1159" r="2421" b="1645"/><rect l="1408" t="1645" r="2421" b="1664"/><rect l="1408" t="1664" r="2420" b="3009"/></region>
<text>
<par align="Justified" lineSpacing="1990">
<line baseline="1218" l="1415" t="1165" r="2375" b="1232"><formatting lang="EnglishUnitedStates" ff="Times New Roman" fs="12.">) Case No.:    </formatting><formatting lang="EnglishUnitedStates" ff="Times New Roman" fs="18." bold="1">BC 6 8 4 4 2 0</formatting></line></par>
<par align="Justified" lineSpacing="1368">
<line baseline="1321" l="1415" t="1283" r="2303" b="1328"><formatting lang="EnglishUnitedStates" ff="Times New Roman" fs="12." bold="1">) COMPLAINT FOR DAMAGES FOR:</formatting></line></par>
<par align="Justified" lineSpacing="1368">
<line baseline="1379" l="1415" t="1341" r="2386" b="1386"><formatting lang="EnglishUnitedStates" ff="Times New Roman" fs="12." bold="1">)    1. DISABILITY DISCRIMINATION IN</formatting></line></par>
<par align="Justified" lineSpacing="1368">
<line baseline="1436" l="1415" t="1399" r="2108" b="1445"><formatting lang="EnglishUnitedStates" ff="Times New Roman" fs="12." bold="1">) VIOLATION OF FEHA;</formatting></line></par>
<par align="Justified" lineSpacing="1368">
<line baseline="1494" l="1415" t="1456" r="2341" b="1501"><formatting lang="EnglishUnitedStates" ff="Times New Roman" fs="12." bold="1">)    2. FAILURE TO ENGAGE IN GOOD</formatting></line></par>
<par align="Justified" lineSpacing="1368">
<line baseline="1552" l="1415" t="1514" r="2404" b="1559"><formatting lang="EnglishUnitedStates" ff="Times New Roman" fs="12." bold="1">)    FAITH INTERACTIVE PROCESS IN</formatting></line></par>
<par align="Justified" lineSpacing="1368">
<line baseline="1610" l="1415" t="1572" r="2108" b="1619"><formatting lang="EnglishUnitedStates" ff="Times New Roman" fs="12." bold="1">)    VIOLATION OF FEHA;</formatting></line></par>
<par align="Justified" lineSpacing="1368">
<line baseline="1668" l="1414" t="1630" r="2379" b="1676"><formatting lang="EnglishUnitedStates" ff="Times New Roman" fs="12." bold="1">)    3. FAILURE TO ACCOMMODATE IN</formatting></line></par>
<par align="Justified" lineSpacing="1368">
<line baseline="1725" l="1415" t="1688" r="2108" b="1735"><formatting lang="EnglishUnitedStates" ff="Times New Roman" fs="12." bold="1">) VIOLATION OF FEHA;</formatting></line></par>
<par align="Justified" lineSpacing="1368">
<line baseline="1783" l="1415" t="1746" r="2380" b="1791"><formatting lang="EnglishUnitedStates" ff="Times New Roman" fs="12." bold="1">)    4. RETALIATION IN VIOLATION OF</formatting></line></par>
<par align="Justified" lineSpacing="1368">
<line baseline="1840" l="1415" t="1803" r="1722" b="1849"><formatting lang="EnglishUnitedStates" ff="Times New Roman" fs="12." bold="1">) FEHA;</formatting></line></par>
<par align="Justified" lineSpacing="1368">
<line baseline="1898" l="1415" t="1861" r="2148" b="1906"><formatting lang="EnglishUnitedStates" ff="Times New Roman" fs="12." bold="1">)    5. FAILURE TO TAKE ALL</formatting></line></par>
<par align="Justified" lineSpacing="1368">
<line baseline="1956" l="1415" t="1919" r="2414" b="1963"><formatting lang="EnglishUnitedStates" ff="Times New Roman" fs="12." bold="1">)    REASONABLE STEPS TO PREVENT</formatting></line></par>
<par lineSpacing="1368">
<line baseline="2014" l="1414" t="1976" r="2131" b="2021"><formatting lang="EnglishUnitedStates" ff="Times New Roman" fs="12." bold="1">) DISCRIMINATION AND</formatting></line>
<line baseline="2072" l="1414" t="2034" r="2380" b="2079"><formatting lang="EnglishUnitedStates" ff="Times New Roman" fs="12." bold="1">) RETALIATION IN VIOLATION OF</formatting></line>
<line baseline="2129" l="1414" t="2092" r="1722" b="2138"><formatting lang="EnglishUnitedStates" ff="Times New Roman" fs="12." bold="1">) FEHA;</formatting></line></par>
<par align="Justified" leftIndent="23800" lineSpacing="1368">
<line baseline="2187" l="1414" t="2150" r="2396" b="2195"><formatting lang="EnglishUnitedStates" ff="Times New Roman" fs="12." bold="1">)    6. VIOLATION OF THE CALIFORNIA</formatting></line></par>
<par align="Justified" leftIndent="23800" lineSpacing="1368">
<line baseline="2245" l="1414" t="2207" r="2111" b="2254"><formatting lang="EnglishUnitedStates" ff="Times New Roman" fs="12." bold="1">) FAMILY RIGHTS ACT;</formatting></line></par>
<par align="Justified" leftIndent="23800" lineSpacing="1368">
<line baseline="2303" l="1414" t="2265" r="2318" b="2310"><formatting lang="EnglishUnitedStates" ff="Times New Roman" fs="12." bold="1">)    7. WRONGFUL TERMINATION IN</formatting></line></par>
<par align="Justified" leftIndent="23800" lineSpacing="1368">
<line baseline="2361" l="1414" t="2323" r="2364" b="2370"><formatting lang="EnglishUnitedStates" ff="Times New Roman" fs="12." bold="1">) VIOLATION OF PUBLIC POLICY;</formatting></line></par>
<par align="Justified" leftIndent="23800" lineSpacing="1368">
<line baseline="2418" l="1414" t="2381" r="2312" b="2425"><formatting lang="EnglishUnitedStates" ff="Times New Roman" fs="12." bold="1">)    8. FAILURE TO PAY WAGES AND</formatting></line></par>
<par leftIndent="23800" rightIndent="3000" lineSpacing="1368">
<line baseline="2476" l="1414" t="2438" r="2273" b="2483"><formatting lang="EnglishUnitedStates" ff="Times New Roman" fs="12." bold="1">) OVERTIME COMPENSATION</formatting></line>
<line baseline="2534" l="1414" t="2496" r="2284" b="2541"><formatting lang="EnglishUnitedStates" ff="Times New Roman" fs="12." bold="1">)    9. FAILURE TO PROVIDE MEAL</formatting></line></par>
<par align="Justified" leftIndent="23800" lineSpacing="1368">
<line baseline="2591" l="1414" t="2554" r="1805" b="2599"><formatting lang="EnglishUnitedStates" ff="Times New Roman" fs="12." bold="1">) PERIODS;</formatting></line></par>
<par align="Justified" leftIndent="23800" lineSpacing="1368">
<line baseline="2648" l="1414" t="2611" r="2265" b="2656"><formatting lang="EnglishUnitedStates" ff="Times New Roman" fs="12." bold="1">)    10. FAILURE TO PROVIDE REST</formatting></line></par>
<par align="Justified" leftIndent="23800" lineSpacing="1368">
<line baseline="2706" l="1414" t="2668" r="1804" b="2714"><formatting lang="EnglishUnitedStates" ff="Times New Roman" fs="12." bold="1">) PERIODS;</formatting></line></par>
<par align="Justified" leftIndent="23800" lineSpacing="1368">
<line baseline="2764" l="1414" t="2726" r="2241" b="2771"><formatting lang="EnglishUnitedStates" ff="Times New Roman" fs="12." bold="1">)    11. FAILURE TO PROVIDE AND</formatting></line></par>
<par align="Justified" leftIndent="23800" rightIndent="3000" lineSpacing="1368">
<line baseline="2822" l="1414" t="2784" r="2298" b="2829"><formatting lang="EnglishUnitedStates" ff="Times New Roman" fs="12." bold="1">) MAINTAIN ACCURATE WAGE</formatting></line>
<line baseline="2880" l="1414" t="2842" r="2287" b="2887"><formatting lang="EnglishUnitedStates" ff="Times New Roman" fs="12." bold="1">) STATEMENTS AND RECORDS</formatting></line>
<line baseline="2938" l="1414" t="2900" r="2259" b="2947"><formatting lang="EnglishUnitedStates" ff="Times New Roman" fs="12." bold="1">)    12. WAITING TIME PENALTIES;</formatting></line></par>
<par align="Justified" leftIndent="23800" lineSpacing="1368">
<line baseline="2996" l="1414" t="2958" r="2318" b="3003"><formatting lang="EnglishUnitedStates" ff="Times New Roman" fs="12." bold="1">)    13. UNFAIR BUSINESS PRACTICES</formatting></line></par>
</text>
</block>
<block blockType="Text" l="1282" t="3046" r="1551" b="3140"><region><rect l="1282" t="3046" r="1551" b="3140"/></region>
<text>
<par align="Center" lineSpacing="1120">
<line baseline="3084" l="1410" t="3052" r="1422" b="3084"><formatting lang="EnglishUnitedStates" ff="Arial" fs="10.">1</formatting></line></par>
</text>
<text>
<par align="Center" leftIndent="500" lineSpacing="890">
<line baseline="3134" l="1288" t="3105" r="1545" b="3134"><formatting lang="EnglishUnitedStates" ff="Times New Roman" fs="8." bold="1">COMPLAINT</formatting></line></par>
</text>
</block>
<block blockType="Text" l="2520" t="3265" r="2554" b="3309"><region><rect l="2520" t="3265" r="2554" b="3309"/></region>
<text>
<par align="Justified">
<line baseline="3308" l="2526" t="3272" r="2554" b="3309"><formatting lang="EnglishUnitedStates" ff="Times New Roman" fs="19." bold="1" italic="1">a</formatting></line></par>
</text>
</block>
<block blockType="Separator" l="0" t="0" r="772" b="3"><region><rect l="0" t="0" r="772" b="3"/></region>
<separator type="Black" thickness="2"><start x="0" y="2"/><end x="772" y="2"/>
</separator>
</block>
<block blockType="Separator" l="591" t="639" r="1245" b="644"><region><rect l="591" t="639" r="981" b="640"/><rect l="591" t="640" r="1244" b="641"/><rect l="591" t="641" r="1245" b="643"/><rect l="981" t="643" r="1245" b="644"/></region>
<separator type="Black" thickness="4"><start x="591" y="642"/><end x="1245" y="642"/>
</separator>
</block>
<block blockType="Separator" l="591" t="695" r="1266" b="700"><region><rect l="591" t="695" r="1265" b="696"/><rect l="591" t="696" r="1266" b="699"/><rect l="1077" t="699" r="1126" b="700"/></region>
<separator type="Black" thickness="4"><start x="591" y="698"/><end x="1266" y="698"/>
</separator>
</block>
<block blockType="Separator" l="1732" t="848" r="2188" b="858"><region><rect l="2121" t="848" r="2188" b="849"/><rect l="2071" t="849" r="2188" b="850"/><rect l="2022" t="850" r="2188" b="851"/><rect l="1858" t="851" r="2188" b="852"/><rect l="1820" t="852" r="2188" b="853"/><rect l="1732" t="853" r="2188" b="854"/><rect l="1732" t="854" r="2121" b="855"/><rect l="1732" t="855" r="2022" b="857"/><rect l="1732" t="857" r="1820" b="858"/></region>
<separator type="Black" thickness="5"><start x="1732" y="853"/><end x="2188" y="853"/>
</separator>
</block>
<block blockType="Separator" l="397" t="3002" r="1391" b="3008"><region><rect l="397" t="3002" r="978" b="3003"/><rect l="397" t="3003" r="1287" b="3004"/><rect l="397" t="3004" r="1391" b="3006"/><rect l="978" t="3006" r="1391" b="3007"/><rect l="1267" t="3007" r="1391" b="3008"/></region>
<separator type="Black" thickness="4"><start x="398" y="3005"/><end x="1392" y="3005"/>
</separator>
</block>
<block blockType="Separator" l="407" t="3036" r="2428" b="3045"><region><rect l="407" t="3036" r="881" b="3037"/><rect l="407" t="3037" r="1287" b="3038"/><rect l="407" t="3038" r="1630" b="3039"/><rect l="407" t="3039" r="1990" b="3040"/><rect l="881" t="3040" r="2364" b="3041"/><rect l="1267" t="3041" r="2428" b="3042"/><rect l="1630" t="3042" r="2428" b="3043"/><rect l="1990" t="3043" r="2428" b="3044"/><rect l="2364" t="3044" r="2428" b="3045"/></region>
<separator type="Black" thickness="4"><start x="408" y="3041"/><end x="2429" y="3041"/>
</separator>
</block>
<block blockType="Separator" l="1123" t="3304" r="2554" b="3309"><region><rect l="1123" t="3304" r="1287" b="3305"/><rect l="1123" t="3305" r="2554" b="3309"/></region>
<separator type="Black" thickness="2"><start x="1124" y="3307"/><end x="2555" y="3307"/>
</separator>
</block>
<block blockType="Separator" l="0" t="0" r="2" b="397"><region><rect l="0" t="0" r="2" b="397"/></region>
<separator type="Black" thickness="2"><start x="1" y="1"/><end x="1" y="398"/>
</separator>
</block>
<block blockType="Separator" l="0" t="2405" r="2" b="2605"><region><rect l="0" t="2405" r="2" b="2605"/></region>
<separator type="Black" thickness="2"><start x="2" y="2406"/><end x="2" y="2606"/>
</separator>
</block>
<block blockType="Separator" l="0" t="2682" r="2" b="2925"><region><rect l="0" t="2682" r="2" b="2925"/></region>
<separator type="Black" thickness="2"><start x="2" y="2683"/><end x="2" y="2926"/>
</separator>
</block>
<block blockType="Separator" l="0" t="3054" r="2" b="3217"><region><rect l="0" t="3054" r="2" b="3217"/></region>
<separator type="Black" thickness="2"><start x="2" y="3055"/><end x="2" y="3218"/>
</separator>
</block>
<block blockType="Separator" l="396" t="47" r="402" b="3263"><region><rect l="397" t="47" r="402" b="1645"/><rect l="396" t="1645" r="402" b="1664"/><rect l="396" t="1664" r="401" b="3263"/></region>
<separator type="Black" thickness="5"><start x="399" y="48"/><end x="399" y="3264"/>
</separator>
</block>
<block blockType="Separator" l="411" t="48" r="417" b="3263"><region><rect l="412" t="48" r="417" b="1645"/><rect l="411" t="1645" r="417" b="1664"/><rect l="411" t="1664" r="416" b="3263"/></region>
<separator type="Black" thickness="5"><start x="414" y="49"/><end x="414" y="3264"/>
</separator>
</block>
<block blockType="Separator" l="2448" t="51" r="2454" b="3269"><region><rect l="2449" t="51" r="2454" b="1645"/><rect l="2448" t="1645" r="2454" b="1664"/><rect l="2448" t="1664" r="2453" b="2000"/><rect l="2449" t="2000" r="2454" b="2287"/><rect l="2448" t="2287" r="2453" b="3269"/></region>
<separator type="Black" thickness="5"><start x="2452" y="51"/><end x="2452" y="3269"/>
</separator>
</block>
<block blockType="Separator" l="0" t="991" r="2" b="1094"><region><rect l="0" t="991" r="2" b="1094"/></region>
<separator type="Dotted" thickness="2"><start x="1" y="992"/><end x="1" y="1095"/>
</separator>
</block>
<block blockType="Separator" l="0" t="3221" r="2" b="3309"><region><rect l="0" t="3221" r="2" b="3309"/></region>
<separator type="Dotted" thickness="2"><start x="2" y="3222"/><end x="2" y="3310"/>
</separator>
</block>
</page>
</document>